Demand,Avail_Sol,Avail_Wind_On,Avail_Wind_Off,Hyd_In,HydRoR_In
0.8027988738737881,0.06198347493333334,0.7856262662000001,0.8305681109333335,3449.0,4517.0
0.7777675793103069,0.012408890857142859,0.7637727263571429,0.8719664668571427,3449.0,4517.0
0.8715057631369747,0.033028486833333336,0.5713081546666667,0.832986240888889,3449.0,4517.0
0.7448431269157858,0.019023946416666666,0.84664927275,0.7078989623333335,3449.0,4517.0
0.8626539631720082,0.1219764440909091,0.8476437000909091,0.9015536470000001,3449.0,4517.0
0.7429060563671459,0.0064876830769230774,0.7466096336153847,0.8655872245384615,3449.0,4517.0
0.8388118197823015,0.056554053272727285,0.8062625956363635,0.9225814769090909,3449.0,4517.0
0.7343055513155342,0.005170292416666666,0.5592264058333333,0.8551557504166668,3449.0,4517.0
0.8657013083291535,0.08738532458333333,0.34666683825,0.72744299375,3449.0,4517.0
0.6720300961146758,0.0033885229999999996,0.17619494891666665,0.20335611516666666,3449.0,4517.0
0.7473776857719489,0.095553631875,0.18556742199999998,0.23185451487500003,3449.0,4517.0
0.6922843092367069,0.0021584503125,0.512589341,0.8296760764375001,3449.0,4517.0
0.7678124236904863,0.11786212266666667,0.6156056728333333,0.8554767658333334,3449.0,4517.0
0.731682548488698,0.003444618923076923,0.5539677620769231,0.8326369821538461,3449.0,4517.0
0.900394217442445,0.14472629681818183,0.3275187544545454,0.651792607090909,3449.0,4517.0
0.8979809402943012,0.017091620666666665,0.243605793,0.5210693056666665,3449.0,4517.0
0.7828988465711587,0.008107332,0.17824137375000002,0.330173562,3449.0,4517.0
0.8954462853271788,0.12397899016666664,0.3675060273333333,0.6272348482500001,3449.0,4517.0
0.7472911798003489,0.008047698833333334,0.38592210983333336,0.6525477465833335,3449.0,4517.0
0.8750958054198199,0.13556723853846153,0.22068644915384616,0.41301672392307687,3449.0,4517.0
0.7585066209940046,0.00044111560000000005,0.2516154826,0.45364793499999995,3449.0,4517.0
0.9024007355815186,0.17507143561538463,0.18574110592307688,0.22806226384615386,3449.0,4517.0
0.7518848525229184,0.0004565444545454546,0.18733699881818183,0.1259282001818182,3449.0,4517.0
0.8993570369245766,0.11254447153846156,0.11956521192307694,0.22786398707692304,3449.0,4517.0
0.7406714269324355,0.12248820725,0.261120197125,0.5677677405416666,3449.0,4517.0
0.7098508030237612,0.028529530153846152,0.21489506176923076,0.2696381345384615,3449.0,4517.0
0.7837907909665295,0.19300595845454546,0.10234108700000001,0.09520744863636364,3449.0,4517.0
0.777317727217564,0.006187014416666667,0.3091533946666667,0.6622353696666666,3449.0,4517.0
0.880723554955915,0.07221037841666667,0.7157548249166666,0.8897253760833334,3449.0,4517.0
0.7432166128031913,0.004835196833333334,0.8296454937500001,0.9220144355000001,3449.0,4517.0
0.8811515345944297,0.16915275666666665,0.8377984793333333,0.9333600211666666,3449.0,4517.0
0.7704364123282944,0.0066768148461538454,0.8667246049999999,0.9330656993076925,3449.0,4517.0
0.8953036890581392,0.2660993330909091,0.8289209877272726,0.9348865089999999,3449.0,4517.0
0.7986969745143261,0.017261934166666666,0.6915505049444444,0.8409344336666666,3449.0,4517.0
0.8834833184065559,0.1380126672857143,0.714857288,0.9007446658571429,3449.0,4517.0
0.7975838610097155,0.01078818582352941,0.5857389355294117,0.840086003764706,3449.0,4517.0
0.9021840002282588,0.20664627700000002,0.44728848808333327,0.7760987372499999,3449.0,4517.0
0.6855276913196974,0.00036732172727272727,0.5295445443636364,0.8251116770909092,3449.0,4517.0
0.7745573292554919,0.03344265244444444,0.7415311918888887,0.7511055187777778,3449.0,4517.0
0.6848306011416178,0.00043041833333333333,0.6358973114666667,0.6762066546,3449.0,4517.0
0.7717063585483255,0.038451132769230775,0.5516228941538462,0.817219970923077,3449.0,4517.0
0.7306672992793953,0.0029389301666666663,0.7159597290833334,0.8636546454166667,3449.0,4517.0
0.8690095417461756,0.10910631225,0.6704357228750001,0.803574767,3449.0,4517.0
0.7285100153864612,0.0,0.37018398754545456,0.5545943210909091,3449.0,4517.0
0.8690402593645715,0.1223776516923077,0.32847980553846157,0.8021529902307692,3449.0,4517.0
0.7216095180678708,0.0,0.380742487090909,0.7908655070909092,3449.0,4517.0
0.8453460606787083,0.2666712873333333,0.48277508066666663,0.8171788086666668,3449.0,4517.0
0.7328434994722364,0.0021049195,0.6099200790833332,0.7885104305833334,3449.0,4517.0
0.8610183670891601,0.08131093581818181,0.42632007181818177,0.6060585812727273,3449.0,4517.0
0.843881131999278,0.007904313428571428,0.33264922157142857,0.6738887455714285,3449.0,4517.0
0.7421768437866518,0.0006923053,0.26523861449999997,0.5630132917999999,3449.0,4517.0
0.906498668706159,0.14056412276923078,0.22888415069230766,0.40305910576923076,3449.0,4517.0
0.6813470326743097,0.0011273982727272728,0.21846217899999995,0.257558364,3449.0,4517.0
0.7753570693413826,0.32678203466666667,0.13180939316666668,0.5679766813333333,3449.0,4517.0
0.7119956190923433,0.0288409705,0.2131480955,0.5817226845,3449.0,4517.0
0.7422082968699407,0.237487774,0.14334169728571428,0.4609318314285714,3449.0,4517.0
0.6955485378691273,0.015555695076923077,0.1671049536153846,0.4991912256923077,3449.0,4517.0
0.8634309170775787,0.13219677763636364,0.18628120145454546,0.5470475539999999,3449.0,4517.0
0.7907385679043153,0.01492602711111111,0.12166411066666666,0.2277835185,3449.0,4517.0
0.8861543838846436,0.1990556423333333,0.067188443,0.15349665216666666,3449.0,4517.0
0.8489837091613076,0.021181977,0.14201133685714287,0.41114063128571426,3449.0,4517.0
0.7428602908566672,0.012777163272727272,0.34013214,0.7053741361818182,3449.0,4517.0
0.8847630878463542,0.24104918200000003,0.5292066769999999,0.8161866893333335,3449.0,4517.0
0.8364332925331864,0.01217960288235294,0.5188970897058822,0.852939140882353,3384.9411764705883,4433.35294117647
0.9416978097543875,0.353621512,0.3103553552857143,0.6851502275714285,3328.0,4359.0
0.8470674914057252,0.02492711338461539,0.24811538253846155,0.7046312588461539,3328.0,4359.0
0.9471643265610609,0.11540664816666668,0.2744651171666666,0.6968083683333334,3328.0,4359.0
0.9503138048960044,0.400849042,0.34111567449999997,0.7144819046666667,3328.0,4359.0
0.812654396105854,0.0068315648125,0.29349231625000005,0.36755156362499997,3328.0,4359.0
0.8205633405739814,0.2209360324285714,0.2642652581428572,0.47283208385714287,3328.0,4359.0
0.7859463305296295,0.011165284823529412,0.2016284587058824,0.6115765003529413,3328.0,4359.0
0.83027063446692,0.3099585725,0.267762575125,0.6910564671249999,3328.0,4359.0
0.8096427280594328,0.0051658552307692306,0.39264495884615386,0.7755609805384615,3328.0,4359.0
0.978876691171243,0.2105424219090909,0.36821878036363637,0.7409795491818181,3328.0,4359.0
0.8679929527810354,0.0038668524285714284,0.2774049666428572,0.6503395073571429,3328.0,4359.0
0.9814776848604843,0.152542046,0.22828609744444442,0.6642858464444443,3328.0,4359.0
0.8920815464834058,0.011991096470588235,0.2810089692941176,0.7225323377647057,3328.0,4359.0
0.9837799977505846,0.29657316100000003,0.264325123,0.5680896497142857,3328.0,4359.0
0.895661104010657,0.020873319647058824,0.1824375385882353,0.27206307035294114,3328.0,4359.0
0.9794565980400332,0.30192867645454546,0.09500458836363636,0.25434166009090914,3328.0,4359.0
0.8747067363726243,0.018317191285714286,0.21801017628571429,0.7235855155714285,3328.0,4359.0
0.9581326204975015,0.16704430923076924,0.31516991115384624,0.8524061862307692,3328.0,4359.0
0.7582492965148798,0.0074583057999999995,0.3136846335000001,0.4328974441,3328.0,4359.0
0.8269621243795611,0.4687351718571429,0.27855940985714284,0.6194519652857142,3328.0,4359.0
0.7799337541206882,0.022927798647058822,0.490231863235294,0.8731512469999999,3328.0,4359.0
0.806866492336155,0.204708042,0.41429209142857143,0.7555050567142857,3328.0,4359.0
0.8332925993833018,0.020127608411764707,0.3972533237058823,0.7244334171764707,3328.0,4359.0
0.9548092555589334,0.5843010058571428,0.21807245228571429,0.2745160168571429,3328.0,4359.0
0.9535568750910165,0.1037326945,0.23917366716666666,0.508617301,3328.0,4359.0
0.8654395910831078,0.03428823275,0.39797721399999997,0.8722999680000001,3328.0,4359.0
0.9641854784144959,0.330092862,0.4929154757142857,0.8736253608571428,3328.0,4359.0
0.9335960736852661,0.014113341,0.4311175148333333,0.7499004866666666,3328.0,4359.0
0.8514029102901121,0.020030838545454545,0.23319371163636368,0.504109590090909,3328.0,4359.0
0.9561161457339696,0.21163626671428573,0.33872034485714286,0.8414064045714287,3328.0,4359.0
0.8500383609987128,0.0023982000625,0.4591897706875,0.8308392810625,3328.0,4359.0
0.9039048253172213,0.06254092207692308,0.265687044,0.4661765606923076,3328.0,4359.0
0.8238368344964836,0.02195296416666667,0.12397588049999998,0.2901616134166667,3328.0,4359.0
0.921298133945202,0.37670965285714286,0.06000279357142858,0.10627506571428572,3328.0,4359.0
0.7953794677917079,0.01152020094117647,0.24139488105882348,0.2831540813529412,3328.0,4359.0
0.7890570087806017,0.274073723125,0.28791866512500003,0.22970248812500002,3328.0,4359.0
0.7743912571107525,0.006673227933333334,0.20348435320000002,0.2900059782666667,3328.0,4359.0
0.8084463451450472,0.32496775225,0.19412842212500003,0.39117088775,3328.0,4359.0
0.792623200253995,0.009485958333333334,0.13615239466666665,0.26931054741666666,3328.0,4359.0
0.9584777780644214,0.17596362254545453,0.07002398427272727,0.23050890318181816,3328.0,4359.0
0.8724265270450577,0.019188420666666664,0.24456244122222218,0.6090651621666666,3328.0,4359.0
0.9488369263921028,0.2415662954285715,0.4266593224285714,0.6955031058571428,3328.0,4359.0
0.8724647406546503,0.020405749875,0.4851353935625,0.771277162625,3328.0,4359.0
0.9680879515391934,0.5725244872222222,0.5175801775555555,0.6438569008888889,3328.0,4359.0
0.866000896389459,0.0004383766428571429,0.5018022083571428,0.6787925810714287,3328.0,4359.0
0.9729649323129294,0.5930951059999999,0.47664013722222215,0.5939872276666667,3328.0,4359.0
0.8841955594017861,0.03219394675,0.415044300875,0.703804428875,3328.0,4359.0
0.9740910752998785,0.7143159242857143,0.28260248971428575,0.5771173801428571,3328.0,4359.0
0.9478727967275776,0.10679390799999999,0.3261203962857143,0.6530899178571429,3328.0,4359.0
0.779915473387651,0.05217602345454546,0.2824853415454545,0.5495228092727275,3328.0,4359.0
0.8271502354214885,0.6770222251666667,0.24215114316666664,0.46786705216666663,3328.0,4359.0
0.8016725931858099,0.08122821572222222,0.39107947061111115,0.6767422872222222,3328.0,4359.0
0.843950587703008,0.7075675317500001,0.48195959899999996,0.7069353567500001,3328.0,4359.0
0.8404813634550159,0.0011136899285714285,0.5195247619285714,0.8494042369285716,3328.0,4359.0
0.9877509936954245,0.6550740691111111,0.6436266885555556,0.8725151806666667,3328.0,4359.0
0.8822826511012788,0.021475180733333335,0.5248263509333333,0.8022058965333334,3328.0,4359.0
0.9850801314724584,0.585435146125,0.360997533125,0.66658105925,3328.0,4359.0
0.8958101465602933,0.049593220823529405,0.30264400082352944,0.6871067737058824,3328.0,4359.0
0.9864911180874679,0.45166117987500004,0.612120743875,0.9059958235,3328.0,4359.0
0.8415087025958381,0.0051924436,0.7206448206666667,0.878601742933333,3133.3333333333335,4103.533333333334
0.9527876423492148,0.223147481,0.6491356850000001,0.9171783142222224,2963.0,3880.0
0.8121447274075287,0.007446763866666666,0.7458962533333333,0.9080030581999999,2963.0,3880.0
0.935420990063824,0.32611812762500003,0.506343079625,0.7763367091250001,2963.0,3880.0
0.7780273502928537,0.0397491231875,0.4396368208125,0.7315025670625002,2963.0,3880.0
0.7615446772913802,0.40138630575000006,0.38759207824999997,0.7262570730000001,2963.0,3880.0
0.714801444753855,0.0368563413125,0.39653467093750006,0.6604148029375,2963.0,3880.0
0.7563716492980211,0.2150147671111111,0.35968119866666665,0.60968108,2963.0,3880.0
0.7711971602842635,0.03340526364705882,0.37332569164705887,0.6670401934705882,2963.0,3880.0
0.8698982988230043,0.4396253572857143,0.26212818200000004,0.622288259142857,2963.0,3880.0
0.7727322349577638,0.010226696866666666,0.2170083754,0.5534485090666666,2963.0,3880.0
0.8878912244188022,0.3549185297142857,0.192195439,0.37985315685714277,2963.0,3880.0
0.7943159877564329,0.049581806529411764,0.4191921733529411,0.4753657932941177,2963.0,3880.0
0.8971098333032289,0.41235326799999994,0.53815583675,0.705783366875,2963.0,3880.0
0.8154276552763446,0.071551913,0.44217454655555555,0.7538066471666666,2963.0,3880.0
0.8839065445045768,0.515147212625,0.40190864275,0.62955821275,2963.0,3880.0
0.766545413060089,0.004439460642857143,0.32957754814285717,0.4217034051428571,2963.0,3880.0
0.8750818200024957,0.2943509905714286,0.3987728181428571,0.6553548261428572,2963.0,3880.0
0.7201528086789123,0.03355340055555555,0.6332777492777778,0.8799197146111112,2963.0,3880.0
0.7090631246231486,0.32537042,0.46545532833333336,0.6955634869999999,2963.0,3880.0
0.6990088207175739,0.086898331875,0.39635387337500005,0.30776586575,2963.0,3880.0
0.6245710703785011,0.001335531,0.48406492855555555,0.5747276123333334,2963.0,3880.0
0.6975123046052065,0.3964097782222222,0.4640639315555556,0.7259037544444444,2963.0,3880.0
0.6813773423194251,0.019144148,0.516821305076923,0.8432701553846152,2963.0,3880.0
0.8629078508737986,0.27446629036363634,0.7472847649090909,0.9277598563636364,2963.0,3880.0
0.7482614991780103,0.020960375272727275,0.7090860631818181,0.9029659165454545,2963.0,3880.0
0.8312442083198,0.062230594166666674,0.4700662098333333,0.5153815448333333,2963.0,3880.0
0.8847398324194916,0.36913358914285715,0.291945628,0.16624272014285713,2963.0,3880.0
0.7676694927733515,0.023131019166666666,0.16883630166666666,0.4212544238333333,2963.0,3880.0
0.8894564510293812,0.1685240056,0.3430178406,0.7825473642,2963.0,3880.0
0.8542218625802319,0.6679708358333333,0.45925150033333334,0.8708178455,2963.0,3880.0
0.8386001472394452,0.09322961366666667,0.6923903061666666,0.9171499675,2963.0,3880.0
0.7074562226841178,0.0013161838000000001,0.5705556120999999,0.8058032096,2963.0,3880.0
0.8809100389075009,0.27406829344444444,0.36356375377777783,0.631406942,2963.0,3880.0
0.7792201591054373,0.0288936350625,0.27810417487500005,0.6218170505,2963.0,3880.0
0.8602994958069456,0.46485206237500004,0.10594643824999998,0.30614860250000003,2963.0,3880.0
0.730795862460213,0.028915143812500002,0.091150865125,0.2862013765625,2963.0,3880.0
0.783990766867296,0.3641545523333333,0.13222875083333333,0.5164473586666667,2963.0,3880.0
0.8056802134122977,0.095393171,0.23337144857142858,0.6055717894285715,2963.0,3880.0
0.7084489037627154,0.031602221,0.21241038675,0.48927952041666667,2963.0,3880.0
0.8007983407790696,0.34133960342857145,0.23769446842857148,0.48297995814285716,2963.0,3880.0
0.7796084362971096,0.0184672096,0.2088010987333333,0.43823914266666664,2963.0,3880.0
0.9460764634011032,0.32363711669999995,0.25632600839999997,0.6424374101,2963.0,3880.0
0.7936231579952415,0.0037464439,0.4365946086000001,0.8771217305000001,2963.0,3880.0
0.8828958332951636,0.1521317635,0.5727318118333334,0.8831832876666666,2963.0,3880.0
0.9202484092178569,0.546277272,0.7128000392857144,0.8946277785714285,2963.0,3880.0
0.81046986412338,0.03651914793333333,0.5798678556,0.5951069135333333,2963.0,3880.0
0.9183222353815642,0.6008396030000002,0.4456559433333333,0.29903282233333334,2963.0,3880.0
0.7905935866959778,0.03437986791666667,0.34431033175000003,0.4580435899166666,2963.0,3880.0
0.8989251834640666,0.16644207939999997,0.26002172219999997,0.465770626,2963.0,3880.0
0.9054662751302281,0.44794263800000006,0.32021053014285716,0.42568657242857144,2963.0,3880.0
0.7736999604241764,0.02033595016666667,0.2884329943333333,0.5895119586666666,2963.0,3880.0
0.9023774530455714,0.22304829166666665,0.23643137541666662,0.6048143104166667,2963.0,3880.0
0.8706143730002346,0.02384684216666667,0.2443935205,0.6568214925000001,2963.0,3880.0
0.6824055001939594,0.05208176754545455,0.26276969518181814,0.5765559403636363,2963.0,3880.0
0.7267572647758666,0.3744362093333333,0.13266738944444445,0.3188800267777778,2963.0,3880.0
0.6897586931699208,0.007942975000000001,0.16022436692307693,0.36229880253846153,2963.0,3880.0
0.7252346295456961,0.3978197563636364,0.14297981345454544,0.3946734557272728,2963.0,3880.0
0.7376702054448114,0.009369553615384614,0.22441652238461535,0.3866318829230769,2963.0,3880.0
0.8732888194257415,0.45155053233333337,0.2546624986666666,0.28973586988888894,2963.0,3880.0
0.7790367982510158,0.025947944933333335,0.2881998078,0.5231911608666666,2963.0,3880.0
0.8953665523125457,0.12912573944444444,0.5698134957777777,0.8906816183333333,2963.0,3880.0
0.7587994941430078,0.006873522466666667,0.5267982592,0.7629445635333333,2963.0,3880.0
0.8733942978593294,0.1892934998,0.6241245301,0.7725761251000001,2963.0,3880.0
0.7715992330904928,0.013390464142857142,0.2661568302857143,0.5450737512857142,2963.0,3880.0
0.8770028222821906,0.456632756125,0.279603221875,0.762118329625,2963.0,3880.0
0.7970889403617026,0.09582084625000001,0.28123373,0.647218472375,2963.0,3880.0
0.7651672770815601,0.008872524,0.40897965150000004,0.491234109125,2963.0,3880.0
0.8845693059974921,0.375572826,0.495706453375,0.5637404863750001,2963.0,3880.0
0.7393595240979307,0.054677462,0.2313917130625,0.5724220226875001,2963.0,3880.0
0.7413058669123713,0.47053232487499996,0.360279409375,0.7527887221249999,2963.0,3880.0
0.7448843746483341,0.121592136,0.5490400875,0.8222918850000002,2963.0,3880.0
0.6301431743070031,0.06401032350000001,0.396298684,0.426065638,3580.5,4689.166666666667
0.7086983601964448,0.433677570625,0.210482218125,0.287771309375,3704.0,4851.0
0.6762128149807581,0.00808628675,0.3555399895,0.7061629545,3704.0,4851.0
0.8141567196606498,0.2740228038,0.46477454929999995,0.7465919971,3704.0,4851.0
0.7842491840247635,0.07659985659999999,0.59225565,0.796748164,3704.0,4851.0
0.6896988632800072,0.05519313038461538,0.6887594997692308,0.8667530011538461,3704.0,4851.0
0.7899655060564468,0.4272384204285714,0.6107200754285714,0.779178259857143,3704.0,4851.0
0.6996541180223762,0.03048956853333333,0.5863138294666667,0.8619087341333334,3704.0,4851.0
0.8065084871532349,0.3815252336,0.60129805,0.8715928637999999,3704.0,4851.0
0.7623006370467003,0.027419547500000002,0.5834917789999999,0.8745760925,3704.0,4851.0
0.6710012638706233,0.0122053284,0.5281149941999999,0.7559889767,3704.0,4851.0
0.8227638920837614,0.441887701,0.18541274030000002,0.1621433988,3704.0,4851.0
0.7834351296440287,0.0419943495,0.21634165675,0.48596227225,3704.0,4851.0
0.7145104333294409,0.06937958045454545,0.4700420313636364,0.8056175925454544,3704.0,4851.0
0.7901306004061979,0.8355845012857143,0.37301381014285717,0.6385087981428572,3704.0,4851.0
0.7346864736138718,0.1775826424285714,0.5167572684285714,0.4181658128571429,3704.0,4851.0
0.5922424778713701,0.037941010399999996,0.5620103055,0.5842663027,3704.0,4851.0
0.6600648842519635,0.455684951,0.3284784156666667,0.36265164266666666,3704.0,4851.0
0.5999192669831194,0.00823192125,0.27933982716666667,0.13451956175,3704.0,4851.0
0.6553085946647089,0.3205383297,0.24609893609999997,0.19492984819999998,3704.0,4851.0
0.6330935062367377,0.027817981769230768,0.18298457576923077,0.32696472630769224,3704.0,4851.0
0.7880355130652226,0.0844807716,0.13568995899999997,0.11942267899999999,3704.0,4851.0
0.7925386052976361,0.28119526333333333,0.15486491116666665,0.12085381033333335,3704.0,4851.0
0.6909033304888629,0.02958496642857143,0.3056942124285714,0.31809081271428574,3704.0,4851.0
0.7952068837483312,0.33841090608333335,0.3549378861666667,0.31242847600000007,3704.0,4851.0
0.6871475542083648,0.011793623538461537,0.3833193111538462,0.3062572756923077,3704.0,4851.0
0.7971915243680224,0.4155463618,0.3340017527,0.3697498667,3704.0,4851.0
0.6891743991451941,0.023001816214285712,0.26386900571428573,0.39046382335714286,3704.0,4851.0
0.8087078879478458,0.38847586149999996,0.1172029137,0.2116161994,3704.0,4851.0
0.7036901053363287,0.03704933233333333,0.1262899452,0.11274492353333333,3704.0,4851.0
0.792834034722048,0.43710719445454543,0.2178575238181818,0.09869692309090908,3704.0,4851.0
0.6267296204303457,0.0034769087500000004,0.20502613449999998,0.11252403366666668,3704.0,4851.0
0.6737393847111215,0.40301520462499996,0.097021512,0.074495751625,3704.0,4851.0
0.6646562519983383,0.24890222675,0.0714717545,0.13379527775,3704.0,4851.0
0.6109689820828326,0.036324701714285715,0.1453065182142857,0.3777400745714285,3704.0,4851.0
0.6644746250726907,0.44796360422222214,0.19842963199999997,0.5583910888888889,3704.0,4851.0
0.673578140140903,0.03853768493333334,0.17723490699999997,0.45568383446666666,3704.0,4851.0
0.7870194628385847,0.37609876977777784,0.137151847,0.2776456232222222,3704.0,4851.0
0.6834847534943205,0.019648302769230772,0.1847142489230769,0.5586799883846154,3704.0,4851.0
0.786666511971893,0.7557834597499999,0.12696275425,0.58654395775,3704.0,4851.0
0.7680309452781522,0.53149574325,0.09993166675,0.34916350900000004,3704.0,4851.0
0.6582118770746904,0.0029571953636363638,0.19936815018181822,0.44840182390909084,3704.0,4851.0
0.7855462258321023,0.4172757295,0.19922251949999997,0.38619225225,3704.0,4851.0
0.7722959932009218,0.7381105736666667,0.21377184766666668,0.3936130603333333,3704.0,4851.0
0.6735027457306176,0.03781055869230769,0.3156217053846154,0.3670262933846153,3704.0,4851.0
0.7753013636689395,0.7640763519000001,0.11386773580000001,0.12000334270000002,3704.0,4851.0
0.6783313687978686,0.05324951678571428,0.13695912950000003,0.16060367592857142,3704.0,4851.0
0.7754505084464454,0.7768168887777778,0.05719686833333334,0.08575008266666666,3704.0,4851.0
0.6354621010365179,0.07699145286666666,0.14894576513333335,0.1875048278666667,3704.0,4851.0
0.6566227543743193,0.6839514060909091,0.060560253818181815,0.16974987572727274,3704.0,4851.0
0.5955522801836367,0.03495615107692308,0.1854099003076923,0.2597870086153846,3704.0,4851.0
0.657800077565857,0.6639463406,0.1415977642,0.3232030801,3704.0,4851.0
0.652898061444704,0.030607934499999996,0.13925494642857145,0.35021066278571433,3704.0,4851.0
0.7826443180114742,0.4248669584,0.0884636612,0.2791267412,3704.0,4851.0
0.6881481009146019,0.03532671957142857,0.08872049935714285,0.4154535029285714,3704.0,4851.0
0.7765593260565811,0.49519794916666654,0.08343827925000001,0.38273456124999994,3704.0,4851.0
0.637832185053254,0.0,0.22742927300000002,0.6564384999999999,3704.0,4851.0
0.7754794898895674,0.16079965499999999,0.20319187200000002,0.4708230902,3704.0,4851.0
0.7802685741371614,0.4235624136250001,0.340365058625,0.69320370675,3704.0,4851.0
0.6886802218661233,0.04113901842857143,0.31240067935714283,0.6896761375,3704.0,4851.0
0.795467954131005,0.5639571354999999,0.20078364262499998,0.413085847875,3704.0,4851.0
0.7674529746250451,0.15911454283333334,0.14052527133333334,0.24689345033333335,3704.0,4851.0
0.6494606533742705,0.00017986125,0.162712739625,0.304859042375,3704.0,4851.0
0.7925905022234724,0.5612186533333333,0.3288955153333333,0.7196097774444445,3704.0,4851.0
0.7699540813834915,0.33443249675,0.5043267522499999,0.7051426279999999,3704.0,4851.0
0.6191364017818146,0.02249040623076923,0.28681137376923077,0.5974411935384616,3704.0,4851.0
0.6743884567451677,0.3471148388,0.1322215947,0.1725975299,3704.0,4851.0
0.6107459520024259,0.023680171142857143,0.22531443621428573,0.3099891641428571,3704.0,4851.0
0.6894703434298479,0.2578668962,0.3724133934,0.7471691696,3704.0,4851.0
0.6405487926917579,0.0061976891,0.519856815,0.7985619285000001,3704.0,4851.0
0.7675289067780173,0.0718371646,0.5251874672,0.6989018456,3704.0,4851.0
0.8336834675451289,0.38469580525,0.53354283075,0.6526376272500001,3704.0,4851.0
0.6964419242441736,0.027971574250000002,0.22915845658333336,0.47673517475,3803.5833333333335,4981.0
0.7935566648698908,0.33204577183333334,0.12240290891666668,0.30125474924999995,3943.0,5163.0
0.7076575356568179,0.0802274586875,0.184201768,0.6375128768749999,3943.0,5163.0
0.7813262576694587,0.5678951664285714,0.2845719368571428,0.7488078205714286,3943.0,5163.0
0.6799565272002019,0.049684306666666664,0.30049946106666664,0.5752401522,3943.0,5163.0
0.7827776193197781,0.3659484558181818,0.37582010154545453,0.2825297040909091,3943.0,5163.0
0.6652477456586398,0.025475696076923075,0.4512462794615385,0.2420654683846154,3943.0,5163.0
0.7778521022263531,0.5947916638999999,0.3829719106999999,0.20568731229999998,3943.0,5163.0
0.7335721952076357,0.11383433439999999,0.4551436964000001,0.43701197140000003,3943.0,5163.0
0.5800966174654051,0.08388118890909091,0.3541174542727273,0.38439102490909094,3943.0,5163.0
0.6528431189791399,0.67289748225,0.19577416525000002,0.39868706274999993,3943.0,5163.0
0.5911421938726128,0.05699323778571429,0.20886828185714282,0.448555058,3943.0,5163.0
0.6547677919356262,0.6643825048181818,0.07606873136363637,0.16292469290909092,3943.0,5163.0
0.6290929591926678,0.038403653230769226,0.13989262284615386,0.1859144483846154,3943.0,5163.0
0.7787564258011848,0.6675449896363636,0.06979791409090909,0.09405406781818182,3943.0,5163.0
0.6456455696833928,0.02958144381818182,0.13757051809090906,0.18404116300000004,3943.0,5163.0
0.7527637510162932,0.2833539542,0.0874792484,0.2404155018,3943.0,5163.0
0.7814630462907054,0.6534790055,0.15878226316666666,0.4881641208333334,3943.0,5163.0
0.7411961884298593,0.15937887433333334,0.2819946180000001,0.6781925358333334,3943.0,5163.0
0.6270257705243547,0.013377264555555555,0.24732661011111107,0.38844869733333337,3943.0,5163.0
0.7750918553378516,0.4812262485,0.1457554025,0.20536522000000001,3943.0,5163.0
0.7588492649535863,0.2266353014,0.213199399,0.4246994358,3943.0,5163.0
0.654074534428096,0.016808357583333332,0.27367071858333336,0.62864782675,3943.0,5163.0
0.783027273000197,0.38666824257142857,0.2746404875714285,0.5174323268571429,3943.0,5163.0
0.765645083696339,0.24550959979999995,0.1908300598,0.28152049600000006,3943.0,5163.0
0.6641193479501298,0.045651883166666664,0.17331423233333335,0.33008697633333334,3943.0,5163.0
0.7766510475832071,0.7459072424285715,0.13583148214285715,0.41928974628571425,3943.0,5163.0
0.7589466892314103,0.3153855044,0.0920383212,0.2672919682,3943.0,5163.0
0.5931471833108615,0.024428410083333334,0.08524462333333332,0.20558614425000002,3943.0,5163.0
0.6502392746564232,0.30412719536363636,0.21454610918181816,0.23992760781818182,3943.0,5163.0
0.5957273383696876,0.025387730285714283,0.2504367195714286,0.3718357007142857,3943.0,5163.0
0.6788905080758683,0.301412457,0.3011449686666666,0.32883081455555563,3943.0,5163.0
0.6242597882457225,0.017237468727272724,0.3864021978181818,0.5125609572727273,3943.0,5163.0
0.7626603670629014,0.07245267625,0.44569777275,0.6309026805,3943.0,5163.0
0.7998623858547451,0.24402423666666664,0.4705145998333333,0.7054989891666666,3943.0,5163.0
0.7840613437398856,0.121755733,0.4242098102,0.8065037964,3943.0,5163.0
0.6450652636141989,0.009115503909090909,0.3885315988181819,0.7105650571818184,3943.0,5163.0
0.7801786884420676,0.3749745647777778,0.3267732222222222,0.5390918303333333,3943.0,5163.0
0.6657892616324044,0.06250006630769231,0.28143450376923074,0.48577118776923073,3943.0,5163.0
0.7584639501780679,0.2010253788,0.1947262348,0.509673764,3943.0,5163.0
0.7720549090537192,0.48628702500000004,0.237802678875,0.6321203207500001,3943.0,5163.0
0.6534678652382555,0.021228168499999995,0.3107289911666667,0.7398797593333333,3943.0,5163.0
0.7834752943228291,0.23854549625000002,0.26930729425,0.65922781425,3943.0,5163.0
0.7747234092921678,0.566643497,0.21159927971428574,0.491343276,3943.0,5163.0
0.6703713175105994,0.06566008542857142,0.24253038857142858,0.5015502739285714,3943.0,5163.0
0.7808651473355838,0.6818010284444445,0.101148374,0.231694293,3943.0,5163.0
0.7415783849311969,0.21772580366666663,0.21869412183333337,0.4068521351666667,3943.0,5163.0
0.5845489708435941,0.09690134190909093,0.1941867515454545,0.26603867827272726,3943.0,5163.0
0.6534706818579988,0.7103998055555555,0.10571004366666664,0.19403882744444445,3943.0,5163.0
0.5913833493236441,0.03616859158333333,0.20693024125,0.30739881366666666,3943.0,5163.0
0.6439375163864313,0.6467430131111112,0.07376760722222223,0.18683317322222223,3943.0,5163.0
0.6441295301142362,0.3850705778,0.12650186219999998,0.43442149719999995,3943.0,5163.0
0.607891534938643,0.0004693468888888889,0.17008032155555558,0.44313867377777777,3943.0,5163.0
0.7531622662136191,0.34130711059999996,0.0745098534,0.17494158799999998,3943.0,5163.0
0.7742384803234261,0.6793523398571429,0.049066888999999995,0.2592296332857143,3943.0,5163.0
0.6556935708009561,0.04985284108333333,0.056901286416666676,0.23752608524999996,3943.0,5163.0
0.7470526979186775,0.23422155900000002,0.033559426499999996,0.20409738924999998,3943.0,5163.0
0.774601484787488,0.626514820375,0.0490320535,0.24324662125000002,3943.0,5163.0
0.6550971774773329,0.04611078341666667,0.09632716466666665,0.4459822003333333,3943.0,5163.0
0.7480463910173298,0.20484642074999998,0.06560760850000001,0.4279587855,3943.0,5163.0
0.7747020147375845,0.6427521231666666,0.044415297500000006,0.3591264246666667,3943.0,5163.0
0.7584528965808202,0.3095000644,0.0623582902,0.39613215139999997,3943.0,5163.0
0.6502695061956315,0.03641433058333334,0.07340378866666668,0.23604975508333328,3943.0,5163.0
0.7759336181029268,0.5897008153333333,0.03317093222222221,0.11542381988888889,3943.0,5163.0
0.6545833831118838,0.054990339,0.06917505266666667,0.16857842200000003,3943.0,5163.0
0.7511716064257433,0.2692320806,0.058196088800000004,0.08790755239999999,3943.0,5163.0
0.779560760832719,0.5615799215714287,0.07510557142857142,0.1050449392857143,3943.0,5163.0
0.6274755628908716,0.04009047546153846,0.22695635261538463,0.34477502253846154,3943.0,5163.0
0.6477731578745848,0.47662137377777775,0.30008984466666666,0.46458225355555555,3943.0,5163.0
0.6557120644494836,0.2838929878,0.25742813659999997,0.39192481980000005,3943.0,5163.0
0.5873928339187166,0.05262830769230769,0.19284313730769234,0.3039910411538461,3943.0,5163.0
0.6618382190982989,0.5301984823333333,0.1069363845,0.126868482,3943.0,5163.0
0.6496832379911553,0.22824585339999998,0.08969732620000001,0.125755583,3943.0,5163.0
0.6135917217783267,0.0033585557000000003,0.1144910407,0.16968238550000003,3943.0,5163.0
0.7755043871096202,0.36005405700000004,0.10027589509999998,0.23918448650000004,3943.0,5163.0
0.7597204946405234,0.141851447,0.125223998,0.48014781775,3943.0,5163.0
0.6493133274435194,0.020281215916666668,0.14398311666666666,0.3797922034166667,3943.0,5163.0
0.7741660717415999,0.38368312069999994,0.09844814069999998,0.33292013559999994,3943.0,5163.0
0.6628954316219327,0.042243647714285716,0.08511258900000003,0.1802722424285714,3943.0,5163.0
0.7775094190013755,0.49287058914285714,0.07186695385714285,0.144586498,3943.0,5163.0
0.7615763465932324,0.23901741799999998,0.0666523838,0.16127716399999997,3943.0,5163.0
0.6491114764924243,0.025145431166666666,0.07650274566666666,0.18150293391666664,3943.0,5163.0
0.7780666488422,0.45375375599999995,0.07322681614285716,0.1877869144285714,3943.0,5163.0
0.7611794459790314,0.24590613859999996,0.0946419462,0.1859023212,3943.0,5163.0
0.6194053297505966,0.0005503374444444445,0.09910524966666667,0.1470688388888889,2977.4444444444443,3898.5555555555557
0.7632626153679657,0.36140996266666664,0.07141114491666667,0.22666928141666665,2205.0,2887.0
0.6306146675074321,0.04630797641666667,0.08069892525,0.2905256168333334,2205.0,2887.0
0.6353842541578412,0.44027536925000005,0.03201443316666667,0.150441369,2205.0,2887.0
0.5895182364759325,0.07010950580000001,0.12388969400000001,0.15795547246666664,2205.0,2887.0
0.6563992655706824,0.5962819086666665,0.10241569883333335,0.17590126883333335,2205.0,2887.0
0.6530361345000238,0.33073806440000003,0.0999042722,0.302640874,2205.0,2887.0
0.6343016504101538,0.023474031615384614,0.11608089499999999,0.38003844815384613,2205.0,2887.0
0.7719382075024543,0.34449931399999995,0.08211988183333334,0.51266060325,2205.0,2887.0
0.6186959977648786,0.0006636565555555555,0.1115243231111111,0.49316797566666665,2205.0,2887.0
0.7484953571435717,0.1420070012,0.08604983520000001,0.4720528916,2205.0,2887.0
0.7739446781075607,0.369053450375,0.12939868475000002,0.50244743675,2205.0,2887.0
0.6447905617009995,0.016321906416666667,0.17613859183333333,0.4993883944166666,2205.0,2887.0
0.7739199222166825,0.318932376,0.09994590572727273,0.4162285933636364,2205.0,2887.0
0.6603729968299225,0.039310887,0.05982882692857143,0.18077461528571429,2205.0,2887.0
0.77821842357973,0.3963567705,0.037015736199999996,0.0810209343,2205.0,2887.0
0.6674750788531948,0.06609325506666666,0.04190370760000001,0.11323093479999999,2205.0,2887.0
0.7785645805624858,0.5375658328888888,0.045825893666666666,0.19268928077777778,2205.0,2887.0
0.6248832037340507,0.04203976538461539,0.11759763815384616,0.4164260176923077,2205.0,2887.0
0.6463871833226068,0.4667346426666666,0.059235872166666675,0.3299734732500001,2205.0,2887.0
0.5855910631052967,0.04315225085714285,0.08037541828571428,0.2774872195714285,2205.0,2887.0
0.6562589664166167,0.4398124585555556,0.06234964255555556,0.2668973934444444,2205.0,2887.0
0.6363070747364018,0.04196582893333334,0.1148102034,0.39262616859999994,2205.0,2887.0
0.7760855829834107,0.2854077044444445,0.19106893488888888,0.5228030871111112,2205.0,2887.0
0.6670204144387726,0.047024290600000004,0.18937579806666663,0.6707705138000001,2205.0,2887.0
0.7727824286126925,0.3704648690000001,0.2075455238,0.5236638015,2205.0,2887.0
0.6619774832637383,0.04262128071428571,0.35986488764285707,0.3411318092857143,2205.0,2887.0
0.7734402865281734,0.3988801778,0.3390731556,0.17249929849999998,2205.0,2887.0
0.6479075305545593,0.027921752999999997,0.2571886589166667,0.40120538566666664,2205.0,2887.0
0.7687534703001848,0.300857634,0.21002920519999999,0.6226014778000001,2205.0,2887.0
0.768190605952078,0.3287115345,0.26670358325,0.6021722700000001,2205.0,2887.0
0.6544910030347763,0.026812039846153844,0.15692830576923075,0.2771365556923077,2205.0,2887.0
0.7760774401297399,0.3460251606,0.1194764457,0.210890156,2205.0,2887.0
0.67971488563362,0.041608989166666666,0.1517609358333333,0.29095396016666664,2205.0,2887.0
0.5698565654329781,0.06797975933333333,0.10596991477777777,0.2739615103333334,2205.0,2887.0
0.6536006185189512,0.4837819228571428,0.145150098,0.41624026942857145,2205.0,2887.0
0.592637741098752,0.06508619285714286,0.2082536942142857,0.5252946447857143,2205.0,2887.0
0.6397615384543909,0.29300780000000004,0.2018843362222222,0.48928957900000003,2205.0,2887.0
0.6433231405032054,0.20119392539999997,0.3057232326,0.5439610229999999,2205.0,2887.0
0.6221145094807468,0.010830382999999999,0.22149932045454548,0.5545120134545454,2205.0,2887.0
0.7740011024084545,0.2644865469090909,0.18192181336363633,0.45091828927272726,2205.0,2887.0
0.6601553750664094,0.047885109071428573,0.17373361,0.47737108885714286,2205.0,2887.0
0.7722845788377346,0.45747875199999993,0.10550817441666667,0.21063888475,2205.0,2887.0
0.6358675428133661,0.024302852545454542,0.18183658645454548,0.2037284619090909,2205.0,2887.0
0.7849929296036302,0.69904769,0.03543169811111112,0.15121331222222223,2205.0,2887.0
0.7696940422827165,0.38174013175000004,0.0707990865,0.28806313925000004,2205.0,2887.0
0.6483896766660514,0.041987595499999995,0.15899195666666668,0.5358332436666667,2205.0,2887.0
0.7761952062313682,0.6304247830999999,0.2519954753,0.46344244840000004,2205.0,2887.0
0.6479927538768113,0.044132137083333335,0.44337984083333337,0.4256923809166666,2205.0,2887.0
0.7709179374962482,0.6290562536666666,0.40354540600000005,0.41064267225,2205.0,2887.0
0.615966237716176,0.05163099325,0.3940491701666667,0.42430525575000005,2205.0,2887.0
0.6437427131477084,0.6577885241666667,0.221327696,0.28682549116666667,2205.0,2887.0
0.585932828790725,0.06573204,0.23895285271428574,0.3227882930714286,2205.0,2887.0
0.6508873895077792,0.6165301962727273,0.1617259388181818,0.2949878399090909,2205.0,2887.0
0.6245898774562959,0.036987327333333334,0.2927906475,0.4432345619166665,2205.0,2887.0
0.7777862475703882,0.6342407688181818,0.27560693909090905,0.3300248050909091,2205.0,2887.0
0.6466152378232504,0.04862554175,0.32634037666666665,0.5256702664166667,2205.0,2887.0
0.7661023755204898,0.44448085825,0.14371396875,0.38964910975,2205.0,2887.0
0.783074601207462,0.7754833539999999,0.209050734875,0.51140208725,2205.0,2887.0
0.6467330630678779,0.051906009166666676,0.30040622008333334,0.588251796,2205.0,2887.0
0.78009382982176,0.681612592888889,0.176786119,0.4676329596666667,2205.0,2887.0
0.7774339371535098,0.5374980189999999,0.329844968,0.61830433175,2205.0,2887.0
0.656478959153664,0.061574394230769235,0.36776711238461535,0.628211122923077,2205.0,2887.0
0.7891578086040624,0.7415759938333334,0.3328500013333333,0.5321975183333333,2205.0,2887.0
0.7754414942474873,0.46939966299999997,0.4457501085,0.7295749283333334,2205.0,2887.0
0.6497297079015442,0.05045914716666666,0.36027891816666674,0.7572520763333334,2205.0,2887.0
0.7898589494294973,0.6091472756249999,0.2592832405,0.6492839595000001,2205.0,2887.0
0.7495326688546315,0.18363099033333333,0.25652404433333337,0.7304305718333333,2205.0,2887.0
0.5694589314473866,0.0599675328,0.23023817650000003,0.6256035269,2205.0,2887.0
0.6728864486873355,0.7045101871,0.10115261629999998,0.4509732261999999,2205.0,2887.0
0.5979900635408232,0.06854788257142856,0.16510114092857142,0.40483711200000005,1536.4285714285713,2012.142857142857
0.701083468913801,0.6834196384444443,0.08343608066666666,0.19372465477777778,1035.0,1356.0
0.6332893850296256,0.06377650966666666,0.1778947923333333,0.3124004480833334,1035.0,1356.0
0.7492898991434808,0.18684898875,0.09584065350000001,0.22918144549999997,1035.0,1356.0
0.8265920735981965,0.554592093875,0.080144027375,0.39742951337500004,1035.0,1356.0
0.6710951990161222,0.05188288961538461,0.08561911792307692,0.3971013314615384,1035.0,1356.0
0.8070354672218137,0.5243717794999999,0.0647301373,0.280211604,1035.0,1356.0
0.7937727764111319,0.26915734199999997,0.08346647799999998,0.35075692125,1035.0,1356.0
0.6283774633129082,0.0065770285,0.0697425651,0.1900777178,1035.0,1356.0
0.8078713537722264,0.5896972427,0.0603270509,0.11232168439999998,1035.0,1356.0
0.6733580840626586,0.07618913307142858,0.12441523042857143,0.18478262685714286,1035.0,1356.0
0.7906320658305157,0.3660351910833333,0.182460747,0.24558188883333334,1035.0,1356.0
0.6462496010242311,0.02876852525,0.18420986316666665,0.22986206791666666,1035.0,1356.0
0.7981219979048979,0.4904443084999999,0.12990251133333333,0.15002823233333332,1035.0,1356.0
0.6184634089282552,0.06804600242857142,0.12975953778571428,0.1286278822142857,1035.0,1356.0
0.688819030326482,0.692413851875,0.11679528537500002,0.08189586662500001,1035.0,1356.0
0.6771119477951237,0.3165310385,0.1960210625,0.21308009025,1035.0,1356.0
0.5833162191622338,0.04936754341666666,0.22013366308333335,0.29548454649999994,1035.0,1356.0
0.6872209264379909,0.6619661642,0.18724751999999997,0.3045039543,1035.0,1356.0
0.6405787915510521,0.07286909671428572,0.2783252733571429,0.38345597542857146,1035.0,1356.0
0.810451562684719,0.7469280172857145,0.19508337371428572,0.23063834,1035.0,1356.0
0.793821639332548,0.42136955739999993,0.2716472116,0.2846791528,1035.0,1356.0
0.6573609442266259,0.07147532207692307,0.22195991884615388,0.3783430345384614,1035.0,1356.0
0.7850550777914357,0.5978998072222221,0.21930767622222225,0.31618236733333327,1035.0,1356.0
0.6504629789359015,0.04560244784615385,0.2644212859230769,0.39384649600000005,1035.0,1356.0
0.7784734862539279,0.46126900900000006,0.1789908223076923,0.26473500146153844,1035.0,1356.0
0.6545137987922331,0.07345938023076923,0.154492499,0.2748100538461538,1035.0,1356.0
0.797370470727629,0.5766385814444444,0.07663979677777778,0.22759537144444442,1035.0,1356.0
0.6460704605140747,0.034167447,0.12361547758333334,0.281641071,1035.0,1356.0
0.7997873362662435,0.5548660856363635,0.04883839918181818,0.16795102527272726,1035.0,1356.0
0.6276509121714032,0.08574942473333333,0.10768898480000001,0.27254122940000003,1035.0,1356.0
0.6863091639163212,0.6099711514,0.03827949940000001,0.14172263400000001,1035.0,1356.0
0.5947829285776879,0.03708043181818182,0.11832530890909089,0.2619046739090909,1035.0,1356.0
0.6026833108256805,0.24242125575,0.042837763249999994,0.08043522175000001,1035.0,1356.0
0.6929039318008613,0.7303343475714286,0.04554254042857143,0.088866636,1035.0,1356.0
0.6272754611506701,0.09323824038461538,0.11559392330769233,0.16652349646153844,1035.0,1356.0
0.7442529250294548,0.19134258575000002,0.110319346,0.14389331625000001,1035.0,1356.0
0.8234332138861775,0.544627110625,0.177472813625,0.39529202112499995,1035.0,1356.0
0.6632390481001864,0.056801731249999994,0.2770137820833333,0.4460973858333333,1035.0,1356.0
0.7414506571193005,0.205142428,0.1356022385,0.235231502,1035.0,1356.0
0.8037329654033386,0.5530472235555557,0.14201783233333332,0.19257999700000003,1035.0,1356.0
0.6447513416349636,0.03664651781818182,0.11881826100000001,0.16274096436363636,1035.0,1356.0
0.7416686796757825,0.23136479375000002,0.059186404000000005,0.11442976475,1035.0,1356.0
0.8138636454143127,0.6936169283333333,0.06030916233333333,0.13143733316666667,1035.0,1356.0
0.7992051341469915,0.33894716140000003,0.0903652284,0.3222892614,1035.0,1356.0
0.6469466352111115,0.03922687675,0.139261248,0.23169689191666665,1035.0,1356.0
0.8219584162389026,0.5944449411000001,0.05514134049999999,0.2187693716,1035.0,1356.0
0.6769827798678161,0.06388720153333334,0.11329709666666667,0.23664641473333334,1035.0,1356.0
0.7996290344903174,0.48056798612500007,0.09896159625,0.262961214875,1035.0,1356.0
0.7360151833331758,0.0972669926,0.1653156348,0.3820733784,1035.0,1356.0
0.5724873016251845,0.05401702790909091,0.11091349909090908,0.15118983245454548,1035.0,1356.0
0.665536538048131,0.40575384536363646,0.09357392036363636,0.12262870672727275,1035.0,1356.0
0.5762456615979916,0.03546121675,0.096958851,0.09704632558333333,1035.0,1356.0
0.6805052019623277,0.5295512459000001,0.1111873852,0.1530761718,1035.0,1356.0
0.6411642478442665,0.05840375985714286,0.15561041642857143,0.18010259764285713,1035.0,1356.0
0.8238586344340059,0.6513240648888888,0.091257033,0.11182910611111112,1035.0,1356.0
0.6689965689787664,0.05910251875,0.10192735683333333,0.17220057775,1035.0,1356.0
0.7487226923103792,0.20690800525000003,0.042524027500000006,0.062382401250000004,1035.0,1356.0
0.8309864141422321,0.589788859888889,0.056667908555555556,0.17923425644444443,1035.0,1356.0
0.6798398110669336,0.05756278864285714,0.11206852571428572,0.18878387849999997,1035.0,1356.0
0.8331012460735296,0.6271614480000001,0.0565817319,0.13365871280000002,1035.0,1356.0
0.6674206432813428,0.034464525833333336,0.09251960716666667,0.182396518,1035.0,1356.0
0.7989234136894148,0.4067287815,0.02527413175,0.062006355250000006,1035.0,1356.0
0.8424727671492379,0.69846384375,0.047811441125,0.130841498625,1035.0,1356.0
0.6915466496485154,0.05982059235714286,0.10425202164285716,0.17061523114285712,1035.0,1356.0
0.84128119590404,0.5970572463000001,0.06143127699999999,0.1576835214,1035.0,1356.0
0.6403449494728828,0.018557215363636363,0.17612934727272728,0.43747120245454546,1035.0,1356.0
0.6011841105104891,0.1587965365,0.21145452225,0.73009481525,1035.0,1356.0
0.6675885014394656,0.5617508534285715,0.2385424664285714,0.6296416472857143,1035.0,1356.0
0.6598643134501391,0.2874471855,0.21835532725,0.54351812025,1035.0,1356.0
0.576578807349831,0.030507732166666666,0.14630814166666664,0.5232508920833333,1035.0,1356.0
0.6789696693658429,0.5615895227500001,0.269252377625,0.7570152705,1035.0,1356.0
0.6731955481284566,0.259460185,0.289343317,0.7584817075,1035.0,1356.0
0.645390411129838,0.030092915416666668,0.20753060475,0.6799985699166667,1035.0,1356.0
0.8181426434381529,0.5860170688749999,0.169587615875,0.5177516315,1035.0,1356.0
0.8000565853374477,0.29952954125,0.12147491599999999,0.21499559425,1035.0,1356.0
0.6416407033269462,0.01282221690909091,0.10606692872727273,0.2678069872727273,1035.0,1356.0
0.8150924124419229,0.564585696625,0.069274436625,0.177536587625,1035.0,1356.0
0.8048801389074175,0.3187502742,0.11327973760000001,0.1990431902,1035.0,1356.0
0.6598590393099748,0.05797353069230769,0.15108156815384616,0.16774283107692306,846.6923076923077,1108.8461538461538
0.7919556544089306,0.6664486931111111,0.06304954244444444,0.130644927,763.0,999.0
0.6624136646319213,0.06362958842857143,0.14355577785714285,0.19863315771428575,763.0,999.0
0.7962501761696928,0.732370312,0.0884179759,0.11371292730000002,763.0,999.0
0.6706407538175193,0.06822437335714285,0.22524413628571427,0.28628472914285713,763.0,999.0
0.8038377646404398,0.7600552947777778,0.06400686655555556,0.10918904544444444,763.0,999.0
0.6445049110666948,0.06748820815384615,0.2222215283076923,0.3282751648461539,763.0,999.0
0.6390899167774052,0.3960013565,0.11271288775,0.2569694315,763.0,999.0
0.6818769620206364,0.7242090158750001,0.15893375862499998,0.36071130575,763.0,999.0
0.5910266153584092,0.041923785692307695,0.31408314830769224,0.465214899,763.0,999.0
0.6667452445946969,0.6498193250000001,0.08738733945454547,0.22991406036363637,763.0,999.0
0.6203888874766911,0.033438692416666665,0.13708081533333336,0.215113824,763.0,999.0
0.793991039202829,0.6181572806666666,0.028089932833333334,0.06440479016666667,763.0,999.0
0.6702929018221866,0.060238439285714276,0.1626862211428572,0.15723065421428575,763.0,999.0
0.8077631834162281,0.6176466230000001,0.220320166,0.34807722188888884,763.0,999.0
0.6766262441451005,0.036666715714285716,0.24364701649999998,0.4612344137857143,763.0,999.0
0.7786375245650995,0.436287642125,0.092446716125,0.253725188875,763.0,999.0
0.7710619034032147,0.31787603575,0.0644693065,0.24437992125,763.0,999.0
0.6306652352492975,0.0088599151,0.21034977279999997,0.2717973111,763.0,999.0
0.734333403431261,0.0775049015,0.35088530875,0.4638144695,763.0,999.0
0.7632920014777105,0.2932063538,0.37031024980000005,0.5499995328,763.0,999.0
0.6481925206427767,0.03560782976923076,0.14760581476923076,0.5032086745384615,763.0,999.0
0.7720408347899218,0.5428178012,0.18799573249999998,0.5780788534,763.0,999.0
0.6066613435830698,0.04855404585714286,0.137309399,0.33989199428571426,763.0,999.0
0.6534866752852085,0.5975787046,0.07582763470000001,0.11002914940000001,763.0,999.0
0.5797967829666048,0.02969049433333333,0.12497248791666665,0.2937686993333333,763.0,999.0
0.6549463474069787,0.5751415069166667,0.16226000075,0.39768956633333336,763.0,999.0
0.6369820807966348,0.02965598235714286,0.228494165,0.40647693042857147,763.0,999.0
0.7727045546235035,0.3935073448888889,0.25694484655555555,0.46691563488888893,763.0,999.0
0.7249171622703796,0.0952153674,0.22749941239999996,0.5990381916,763.0,999.0
0.642195597254137,0.052251361818181824,0.17578860563636362,0.3809136663636364,763.0,999.0
0.7754020234275265,0.46623331671428575,0.22085723100000004,0.31376004,763.0,999.0
0.6686181584810655,0.066785344375,0.18161509943749995,0.40303269081250004,763.0,999.0
0.7755221883014081,0.6322552244444445,0.10086500266666668,0.24907688055555555,763.0,999.0
0.6625117392665161,0.08198872153333332,0.08582986206666668,0.28055114273333337,763.0,999.0
0.7868966016895949,0.6647341347,0.0697453553,0.3212829616,763.0,999.0
0.6405313993836367,0.02415758909090909,0.22588673854545452,0.44292435254545465,763.0,999.0
0.759570570160866,0.38359161309090906,0.15162739054545454,0.29762435945454546,763.0,999.0
0.7323419289410197,0.1641844765,0.21759642383333336,0.5111037900000001,763.0,999.0
0.5628601391555437,0.0314048659,0.1740153685,0.3706025161,763.0,999.0
0.6538547585524769,0.5537076727777778,0.10079806544444445,0.2973224573333333,763.0,999.0
0.5844562977658344,0.052754548500000005,0.1355539827142857,0.35232926078571436,763.0,999.0
0.6538707613534297,0.683769166111111,0.07928694633333333,0.4272525376666667,763.0,999.0
0.6428539671169391,0.21438083433333333,0.18123590616666665,0.6414968369999999,763.0,999.0
0.6334612732760884,0.0290202607,0.15199718250000002,0.3529441528,763.0,999.0
0.7804180439446872,0.546146311,0.09700212799999999,0.135528953875,763.0,999.0
0.6668753041212673,0.066112797,0.1454008144666667,0.25016109426666666,763.0,999.0
0.7826017270337775,0.5062979809,0.0396391685,0.10873354630000001,763.0,999.0
0.7017300408496252,0.07671895442857143,0.11499643342857145,0.21048259242857142,763.0,999.0
0.6353625694516669,0.042474283375000005,0.07867017412499999,0.181655905,763.0,999.0
0.7881720478373834,0.6513218464444446,0.023896271222222223,0.12158891833333334,763.0,999.0
0.6659054288706983,0.05774675906666666,0.10516055806666665,0.2472619097333333,763.0,999.0
0.7806716668998692,0.5275761108,0.1551444686,0.507789166,763.0,999.0
0.640924691341938,0.015161724,0.25551168483333336,0.6709114499166665,763.0,999.0
0.7586586701178138,0.167270122,0.21111157325000002,0.46409052399999995,763.0,999.0
0.7638431956237266,0.42194027144444446,0.32595850155555556,0.604504582,763.0,999.0
0.5969595108612924,0.0017468283636363636,0.2960523598181818,0.6418162780000001,763.0,999.0
0.6394173210774937,0.31696810290909094,0.21935597145454544,0.2655107343636364,763.0,999.0
0.5905423713913376,0.041468445733333324,0.15494907053333332,0.2080709075333333,763.0,999.0
0.6495131737431815,0.5607113045555555,0.21182903666666666,0.6291940596666667,763.0,999.0
0.6238846452928763,0.07162711114285715,0.2961481047142857,0.7117132315714285,763.0,999.0
0.6347556470425204,0.02132755325,0.22841106637500003,0.5846093755000001,763.0,999.0
0.7727678067937132,0.40479326188888887,0.13086103466666665,0.3911451961111111,763.0,999.0
0.6621271460386259,0.050477113466666675,0.10320895626666668,0.21782039046666668,763.0,999.0
0.7787699947981521,0.6735414455,0.06961963689999999,0.1063235798,763.0,999.0
0.6402475288130253,0.015098200833333334,0.2312222873333333,0.3741610659166667,763.0,999.0
0.765110234829504,0.31788578072727275,0.2801275216363637,0.4527408999090909,763.0,999.0
0.6536453043660411,0.025469844999999998,0.2010207138571429,0.27687210742857143,763.0,999.0
0.7643706961752211,0.32555206391666663,0.09034635641666666,0.0942816445,763.0,999.0
0.6378806037106471,0.0023057804166666668,0.11464086875,0.15159999416666667,763.0,999.0
0.7694267841917742,0.436738613,0.12290975774999999,0.09086037624999999,763.0,999.0
0.7346354194587608,0.17187080100000002,0.18085931485714285,0.20656080314285713,763.0,999.0
0.5730696581720579,0.030362408299999998,0.1658500636,0.2034788134,1485.4,1945.4
0.6523659721676462,0.6143883497272727,0.21461165254545456,0.12489813236363637,1666.0,2182.0
0.5865502816221029,0.024815038846153846,0.23873133946153846,0.3320015569230769,1666.0,2182.0
0.6537061105830572,0.6268624839090909,0.1418899951818182,0.18027177518181817,1666.0,2182.0
0.658038419016863,0.07925821833333332,0.13682785726666669,0.35583101693333336,1666.0,2182.0
0.7793177366090355,0.6020805815,0.08746999200000001,0.2653433581666667,1666.0,2182.0
0.6830750374912374,0.07892162688235294,0.15295399170588234,0.3941707320588236,1666.0,2182.0
0.7781532973754569,0.54299311425,0.084170089875,0.34207775125000006,1666.0,2182.0
0.6775023002841153,0.052776293937499996,0.144283320625,0.5417827949374999,1666.0,2182.0
0.7828019981888195,0.5099295713750001,0.082134873625,0.404188289875,1666.0,2182.0
0.6643616117770809,0.02272307442857143,0.14689133592857143,0.46240415907142857,1666.0,2182.0
0.7745458226064968,0.29647664345454544,0.12680948054545454,0.3525185088181818,1666.0,2182.0
0.6640661952980826,0.019106719428571426,0.16413200921428572,0.4793035572142857,1666.0,2182.0
0.7765705851576545,0.4927992855,0.147159392125,0.2105705165,1666.0,2182.0
0.6360301824261982,0.0696157583125,0.11314047512500001,0.26325290437500004,1666.0,2182.0
0.6541400709558036,0.6683851222999999,0.035301827300000005,0.1291467559,1666.0,2182.0
0.5935076762331126,0.051993362933333336,0.08165015933333333,0.14224899706666663,1666.0,2182.0
0.6673015095204252,0.649718701875,0.043274540375000004,0.19723349199999998,1666.0,2182.0
0.6402229923499129,0.040554573600000005,0.09986186906666666,0.27903282339999996,1666.0,2182.0
0.783138620096912,0.644052998,0.05142131614285715,0.22590819499999998,1666.0,2182.0
0.67491745650389,0.10846353293333334,0.10193869399999998,0.3848630424000001,1666.0,2182.0
0.7851973364841781,0.6210330419,0.05934208989999999,0.3602618285,1666.0,2182.0
0.7479589794581011,0.18069146883333334,0.0672210985,0.2719745505,1666.0,2182.0
0.6630329759020986,0.09692781591666666,0.09650528908333333,0.21404914041666667,1666.0,2182.0
0.782941776118945,0.566625832,0.07795756975,0.303469737625,1666.0,2182.0
0.6558583455528786,0.007370260692307692,0.1450374889230769,0.3522638276153846,1666.0,2182.0
0.773325393219567,0.2765980750833333,0.142723358,0.23134529899999998,1666.0,2182.0
0.648472164689973,0.00044369149999999997,0.12861294208333335,0.20762905016666666,1666.0,2182.0
0.775441659577788,0.4154372384545455,0.09280543509090909,0.27462890845454546,1666.0,2182.0
0.6163776782596307,0.02447746,0.16758580357142858,0.41368015657142854,1666.0,2182.0
0.6543511406301808,0.6991834039999999,0.059515304125,0.102107064875,1666.0,2182.0
0.5989964940934638,0.07108516025,0.1301712179375,0.23846478912500002,1666.0,2182.0
0.6578892200374558,0.5974004102222222,0.041830771555555556,0.15067315455555558,1666.0,2182.0
0.6503263368497225,0.059044599749999996,0.057598169437500006,0.11602829156250001,1666.0,2182.0
0.7901193310844564,0.7002443363333334,0.13529057166666666,0.28944491277777773,1666.0,2182.0
0.6497441274139284,0.009380425666666666,0.33534765299999997,0.6362994684166666,1666.0,2182.0
0.7696933991019671,0.24872122300000002,0.23360238725,0.55986758975,1666.0,2182.0
0.7852083888231514,0.5851447679999999,0.15386968514285715,0.4263736032857142,1666.0,2182.0
0.6779923908412849,0.055451102125,0.11914346381250002,0.4575731268125,1666.0,2182.0
0.7861259965830714,0.667594889125,0.193086679125,0.6352949309999999,1666.0,2182.0
0.6716096703487339,0.03798957453333333,0.1546921523333333,0.5957107486000002,1666.0,2182.0
0.7853210666246943,0.6891825804285714,0.15286322785714287,0.5987149121428571,1666.0,2182.0
0.751961669080527,0.20318956400000002,0.23030519585714287,0.6803192208571429,1666.0,2182.0
0.6540585096865935,0.024164060181818183,0.4334650648181819,0.8034422093636362,1666.0,2182.0
0.7758925207110805,0.372581856875,0.427012049625,0.6739655355,1666.0,2182.0
0.6295919801022113,0.03896670025,0.18471546875,0.48259133406250004,1666.0,2182.0
0.6551733410424123,0.48056212,0.208678937375,0.514801372875,1666.0,2182.0
0.5919429882353691,0.01735896326666667,0.4367078297333333,0.6914357391333333,1666.0,2182.0
0.6535691923966441,0.2938681963333334,0.5677957081111111,0.7849578493333333,1666.0,2182.0
0.6345092649385787,0.011021013714285714,0.47909818200000004,0.6747161274285715,1666.0,2182.0
0.7838710283784495,0.5596154916,0.4242794277,0.3768902099,1666.0,2182.0
0.6792168261293721,0.025417012785714285,0.42605436550000003,0.4553249048571428,1666.0,2182.0
0.7887030783630824,0.66561235225,0.26446158200000003,0.308346954125,1666.0,2182.0
0.7390311734536352,0.18571419600000003,0.316773825375,0.372890105125,1666.0,2182.0
0.6798582778766105,0.0648541998,0.22872356999999996,0.27150243430000004,1666.0,2182.0
0.7760550953812149,0.7112210718888891,0.12730651933333334,0.2053152888888889,1666.0,2182.0
0.674746637431347,0.018171296285714286,0.1921766042142857,0.3185269435714285,1666.0,2182.0
0.7806950072033729,0.6901973921999999,0.033520211300000005,0.10850360449999999,1666.0,2182.0
0.6684958866338688,0.015508921285714284,0.056776755857142855,0.22293926664285715,1666.0,2182.0
0.7763289021744373,0.6234464648888889,0.20366509866666668,0.5455388363333333,1666.0,2182.0
0.7145156660401257,0.04429405433333333,0.5566633691666667,0.8181110028333335,1666.0,2182.0
0.5716152208207561,0.019450411222222224,0.44633525100000004,0.6699426091111111,1666.0,2182.0
0.658077180546525,0.6561355571,0.21586818910000005,0.32364588880000006,1666.0,2182.0
0.6103608153233692,0.014333578142857142,0.14651432314285714,0.22839451057142862,1666.0,2182.0
0.6573306010959752,0.5803098577,0.1151730264,0.2389539322,1666.0,2182.0
0.6642236105142756,0.02416224206666667,0.3456576461333334,0.7304835211999999,2709.4,3548.2
0.7980797337078378,0.3891410162,0.5012842134000001,0.5164282986,3405.0,4459.0
0.662294020268713,0.0,0.32043198436363635,0.48454116300000005,3405.0,4459.0
0.7937970570716186,0.331167768,0.3163916178,0.6199754107,3405.0,4459.0
0.6890506092802088,0.025296743437499998,0.2537323534999999,0.5074115609375001,3405.0,4459.0
0.7824487774543878,0.33174449887499996,0.175968483625,0.141288213375,3405.0,4459.0
0.7336204511077851,0.055231159714285716,0.22867543442857144,0.19327903342857142,3405.0,4459.0
0.6587179937829318,0.01642458111111111,0.19662414888888888,0.2336235516666666,3405.0,4459.0
0.7796287248852967,0.6427732088,0.08887761939999998,0.1187566752,3405.0,4459.0
0.6837500134930596,0.012484571857142857,0.25491153335714284,0.25232556207142853,3405.0,4459.0
0.7809518726151484,0.73147086375,0.10607390024999999,0.09371319812500001,3405.0,4459.0
0.6424288438456006,0.05593517375,0.23115992481250003,0.0519017573125,3405.0,4459.0
0.6542529578561733,0.558710598375,0.30757451125,0.3531541215,3405.0,4459.0
0.6028303742736218,0.023702448875,0.453794669875,0.88037126,3405.0,4459.0
0.6714907395032607,0.21175848474999998,0.32799133562500005,0.7740330280000001,3405.0,4459.0
0.6674086596907619,0.04267077016666667,0.23621249633333333,0.4449212743333333,3405.0,4459.0
0.675802194460842,0.027742214454545455,0.15627701927272727,0.20125360881818183,3405.0,4459.0
0.7868597208334029,0.5284411621666667,0.08028771483333333,0.08613188183333333,3405.0,4459.0
0.705305576838848,0.05712475752941176,0.11705451870588235,0.17346460417647058,3405.0,4459.0
0.7824604579745706,0.607098653888889,0.1552564803333333,0.14494567466666666,3405.0,4459.0
0.681959568315933,0.02199606722222222,0.36414772633333337,0.44407737499999994,3405.0,4459.0
0.705920613438468,0.05547150985714285,0.3964638272857143,0.6623609115714286,3405.0,4459.0
0.7769430010738427,0.47613882937499996,0.41410533525000004,0.60277588325,3405.0,4459.0
0.685240423699665,0.0248557933125,0.518156157,0.8414620546874999,3405.0,4459.0
0.7781644271333844,0.5540930866666667,0.4481636793333334,0.8064788716666667,3405.0,4459.0
0.6837263945146578,0.0420044066875,0.4147356619374999,0.7181528931250001,3405.0,4459.0
0.7781534168884338,0.4460768251111112,0.41679525466666667,0.8450443627777777,3405.0,4459.0
0.6388998026769753,0.0335024203125,0.40012488237499994,0.8401748414999999,3405.0,4459.0
0.655263861260789,0.6013207480000001,0.38292167000000005,0.8221922195555554,3405.0,4459.0
0.597226264285101,0.014405831399999998,0.5325348638,0.5979842935999999,3405.0,4459.0
0.6540910793396627,0.4729089735714286,0.5962578647142857,0.6186006701428572,3405.0,4459.0
0.6389704133537599,0.06731815166666667,0.4952382444444445,0.4513451508888888,3405.0,4459.0
0.6540671546511782,0.004603983,0.36570802974999994,0.316114663375,3405.0,4459.0
0.7786494279177815,0.34615406,0.2613672478571428,0.22336447285714284,3405.0,4459.0
0.6930405083766235,0.036386497294117644,0.18514343482352943,0.18259956005882355,3405.0,4459.0
0.7795005755820563,0.5384782172857142,0.05971294842857143,0.18385630328571428,3405.0,4459.0
0.6957495255207636,0.05003864170588235,0.05482154329411765,0.12829659147058822,3405.0,4459.0
0.7802464452285522,0.41785962022222223,0.04180922533333334,0.05216027933333332,3405.0,4459.0
0.6674337136125121,0.006715107166666667,0.24085973958333326,0.4210544824166667,3405.0,4459.0
0.7754296156314696,0.1480272952,0.2971344598,0.673887616,3405.0,4459.0
0.7776734614625721,0.5788664201428572,0.23618871028571428,0.6240266005714286,3405.0,4459.0
0.6968366541794493,0.0281785611875,0.26882384643749996,0.5420791043750001,3405.0,4459.0
0.7853321768462229,0.6726724415,0.08989351416666667,0.28104888433333336,3405.0,4459.0
0.6615951250062087,0.06082560347058824,0.21648560188235297,0.3731664972941177,3405.0,4459.0
0.6673073399032426,0.5598231371111111,0.12792360511111112,0.22539386855555557,3405.0,4459.0
0.6226490505292867,0.0097321264,0.19406637960000003,0.2654745322,3405.0,4459.0
0.6694661826117775,0.656293397875,0.09634860875000001,0.109508130875,3405.0,4459.0
0.659949765949193,0.0346686951875,0.3246168704375,0.6120268441875,3405.0,4459.0
0.7914643122222136,0.4164808946000001,0.4218542781,0.7724243682,3405.0,4459.0
0.6769209431497126,0.0,0.41832279333333333,0.5362325365555556,3405.0,4459.0
0.7645573835880259,0.10498205314285713,0.22090791599999998,0.48027118514285716,3405.0,4459.0
0.7865057360419135,0.6496465284285714,0.19614795257142856,0.5201006905714285,3405.0,4459.0
0.6936286034640153,0.0075924126,0.27428166653333336,0.3996757122666667,3405.0,4459.0
0.7893029647615685,0.480581552875,0.19105525312500002,0.144044013375,3405.0,4459.0
0.692086765439367,0.0215376386875,0.20489368893749996,0.21220445168750002,3405.0,4459.0
0.7988070321062664,0.4904121978571429,0.056879697857142864,0.081939121,3405.0,4459.0
0.7780115139004105,0.14172345057142857,0.08102612414285715,0.11098475757142859,3405.0,4459.0
0.6890921360715857,0.03825788441666667,0.07009724925000001,0.3335280211666667,3405.0,4459.0
0.8014223712704245,0.3443765342857143,0.14310897057142857,0.5704530687142857,3405.0,4459.0
0.6633903468953878,0.0013498876,0.19680999053333334,0.7068492460000001,3405.0,4459.0
0.7147277879500874,0.27891269366666666,0.18118694444444447,0.47824330233333334,3405.0,4459.0
0.6506178321909224,0.0022636023333333336,0.44049755380000005,0.8111034791999999,3405.0,4459.0
0.7144844687365629,0.18832387914285717,0.5703399167142857,0.8845751035714285,3405.0,4459.0
0.7151805554025714,0.01596420722222222,0.4483196948333333,0.8595293618333334,3405.0,4459.0
0.8568392790597691,0.113496784375,0.46114617987499995,0.719244928875,3405.0,4459.0
0.7380033932821871,0.0007871040769230769,0.440039431,0.5938327037692308,3405.0,4459.0
0.8232939016875555,0.164721548875,0.43664138812500003,0.4861704653125,3405.0,4459.0
0.6985961972829077,0.004777839636363636,0.4079828758181819,0.5304239571818182,3405.0,4459.0
0.8205867480519878,0.15826002814285717,0.42600237342857145,0.4504836608571429,3405.0,4459.0
0.7237826275697402,0.004245748928571429,0.4050667137142857,0.4417863993571429,3503.5714285714284,4588.0
0.8584989631227141,0.1945394188888889,0.2872887842222222,0.4614815372222222,3635.0,4760.0
0.7586260840552412,0.024675892571428572,0.18747070414285716,0.3095505764285715,3635.0,4760.0
0.8656693159680195,0.2796628349090909,0.09112572318181816,0.15866152709090908,3635.0,4760.0
0.7552751690022704,0.024119648058823526,0.24950921070588236,0.2857310977058823,3635.0,4760.0
0.7451231892174612,0.43065222211111104,0.1089092491111111,0.4311287544444445,3635.0,4760.0
0.7013012258325471,0.00020978157142857143,0.16746620064285714,0.506807711,3635.0,4760.0
0.7333483868608293,0.45985962100000005,0.12745096266666667,0.4248208732222223,3635.0,4760.0
0.6910583163204946,0.0007742081666666667,0.4600922739166666,0.6461702655833333,3635.0,4760.0
0.8358615014572573,0.2651851077272727,0.37338088954545456,0.47721106918181816,3635.0,4760.0
0.7282765471256549,0.01050230476923077,0.41069861453846157,0.3871347102307693,3635.0,4760.0
0.8232265909188037,0.178710592,0.37340842580000005,0.5038305664999999,3635.0,4760.0
0.82284913740123,0.04857834071428572,0.4804413611428572,0.8468158835714286,3635.0,4760.0
0.7302694191095859,0.01589605675,0.660754539,0.9040914809166667,3635.0,4760.0
0.8532491721390979,0.19030939533333333,0.5797839873333334,0.9133019051666665,3635.0,4760.0
0.7732977592208231,0.03491093844444445,0.3111022797222222,0.7329962211666667,3635.0,4760.0
0.8701427644295331,0.29881504179999996,0.29509101070000004,0.7636095598,3635.0,4760.0
0.7515064176945504,0.019108718642857143,0.3524705028571429,0.7065700232857142,3635.0,4760.0
0.8458923904599763,0.3667827548333333,0.27650705999999997,0.7748174883333334,3635.0,4760.0
0.7637067732633668,0.012457565700000001,0.5495297010000001,0.8878496541999998,3635.0,4760.0
0.6720371591194222,0.09280095086666666,0.6428517669333333,0.8467239438666666,3635.0,4760.0
0.6682317085725858,0.10630942381818183,0.5969242191363636,0.8576546906363636,3635.0,4760.0
0.6754758241714888,0.02894738642857143,0.45442363578571426,0.5567204553571429,3635.0,4760.0
0.8322663587436142,0.19512487136363638,0.4124982882727272,0.637000068,3635.0,4760.0
0.7548564920236308,0.012758413058823529,0.28541549547058814,0.6623869963529411,3635.0,4760.0
0.8455653806487745,0.4627170247142857,0.12578704842857144,0.47137917514285704,3635.0,4760.0
0.780949037517612,0.03144308305555556,0.17443176794444445,0.5012951711111112,3635.0,4760.0
0.8520036901611165,0.44578948616666664,0.14542998866666665,0.344040855,3635.0,4760.0
0.7721515784977336,0.017003914117647057,0.2678078788235294,0.4319135687647059,3635.0,4760.0
0.8717752821766481,0.4749579325,0.16118095600000001,0.3690192411666666,3635.0,4760.0
0.7868214171828023,0.04773909547368421,0.13810712842105263,0.26592389078947365,3635.0,4760.0
0.9016685498470198,0.469186833,0.070864157,0.21984341166666665,3635.0,4760.0
0.7576670069383651,0.01804769888235294,0.21489623247058828,0.4675125639411764,3635.0,4760.0
0.7621424105411515,0.42274018599999996,0.23282275500000002,0.5206114496666667,3635.0,4760.0
0.7269046928355385,0.05566193678947368,0.501985196263158,0.8263769599473684,3635.0,4760.0
0.7649932759826232,0.662339394,0.34220429880000003,0.8055946744,3635.0,4760.0
0.7838818794328745,0.04558727033333333,0.41158423722222226,0.8500762744444444,3635.0,4760.0
0.9231412670460677,0.2522197795384615,0.4008976787692307,0.8278096192307692,3635.0,4760.0
0.7886805564572215,0.023313785416666667,0.2794025669166667,0.66503270275,3635.0,4760.0
0.9190276659062905,0.1463827386923077,0.1279020600769231,0.2269220644615385,3635.0,4760.0
0.7765661495263592,0.0065896264,0.142128788,0.435323763,3635.0,4760.0
0.9203662040835734,0.24655513507692303,0.1271202009230769,0.45995418592307696,3635.0,4760.0
0.7868281243386397,0.028120337750000002,0.22672083349999997,0.47402983083333333,3635.0,4760.0
0.91219080774625,0.233455635,0.16342482874999997,0.34594675083333337,3635.0,4760.0
0.7803517681573301,0.019276075916666666,0.2843982504166667,0.4772025456666666,3635.0,4760.0
0.8995599524342124,0.13572275091666666,0.24807681175,0.41374380625000007,3635.0,4760.0
0.6987958443183021,0.13451966683333336,0.23390448383333334,0.26341087788888884,3635.0,4760.0
0.7088741078786691,0.009597032352941176,0.24305905617647053,0.30315270858823534,3635.0,4760.0
0.7730122151944713,0.08608374791666666,0.3412510478333333,0.5841095056666666,3635.0,4760.0
0.753277657063487,0.001750225,0.14613636424999998,0.32043343800000007,3635.0,4760.0
0.9150991783666904,0.09994167345454547,0.2864156181818182,0.23558072263636365,3635.0,4760.0
0.774494055283226,0.012637288785714285,0.2875463483571428,0.25158953921428573,3635.0,4760.0
0.9067321039901809,0.2073654144285714,0.32020005342857144,0.7544651612857144,3635.0,4760.0
0.7896820978948105,0.0021702561875,0.3791103539375,0.7943559396250001,3635.0,4760.0
0.8821720337458001,0.18399885675,0.31790451625,0.793241516,3635.0,4760.0
0.7636080626329025,0.0020708478125,0.49878134856249995,0.8563686975000001,3635.0,4760.0
0.858458897359877,0.33613494099999996,0.5977815932857142,0.8732295368571429,3635.0,4760.0
0.7414421137861845,0.006635581214285715,0.47142261407142855,0.8246401125714288,3635.0,4760.0
0.8752368195249296,0.16968517145454545,0.2893575768181818,0.7342980605454545,3635.0,4760.0
0.7369188824191262,0.001469613,0.30786114756249994,0.7418776963125,3799.8125,4976.0
0.7568055487917064,0.06720496192307693,0.4863526296153846,0.8695825975384616,3928.0,5144.0
0.6762898827680521,0.01415865010526316,0.5939695532631579,0.8673399466842105,3928.0,5144.0
0.6775456678614801,0.0,0.6056465475,0.87906260025,3928.0,5144.0
0.8533693900311803,0.041778065882352944,0.6607731440000001,0.8899349871176471,3928.0,5144.0
0.7324685575980976,0.0012541643636363635,0.3824499585454546,0.4295928331818182,3928.0,5144.0
0.8956608017377441,0.13290480946153846,0.11252828592307693,0.16926741446153848,3928.0,5144.0
0.7523131897151863,0.0021536445454545454,0.17843421927272726,0.5872435698181818,3928.0,5144.0
0.9030541831004769,0.23546115683333335,0.18850069783333334,0.6577574905,3928.0,5144.0
0.785534027819816,0.009273083388888888,0.40429997566666664,0.7555072932777778,3928.0,5144.0
0.8757417268755366,0.096718295125,0.385193500625,0.8011140103750001,3928.0,5144.0
0.7403349951045431,0.0,0.38078189749999997,0.8249833493333333,3928.0,5144.0
0.8687825333043224,0.11785635208333334,0.6022735403333334,0.8910152680833333,3928.0,5144.0
0.7340919848452414,0.009029998294117646,0.739171084882353,0.9254851501764705,3928.0,5144.0
0.7441526279366736,0.17944011149999997,0.7251450706666667,0.9282603721666668,3928.0,5144.0
0.6866847542706884,0.009849250388888888,0.8358177205555556,0.9173634939444444,3928.0,5144.0
0.7468728677535719,0.24528337785714283,0.8700366031428572,0.9309587134285715,3928.0,5144.0
0.7448238023550273,0.0007520711875,0.587584616375,0.7751390420624998,3928.0,5144.0
0.9112786172690323,0.30548453214285715,0.336048556,0.3863217911428572,3928.0,5144.0
0.8248613259754881,0.0057715332941176475,0.16455610988235297,0.16055452652941177,3928.0,5144.0
0.9389809531555877,0.335787743,0.085171445375,0.21169750337499998,3928.0,5144.0
0.8483094080242504,0.011972235941176471,0.1493398875882353,0.37315249341176465,3928.0,5144.0
0.9622495074488734,0.4088726321666667,0.09355976849999999,0.28089975116666666,3928.0,5144.0
0.8572915455643652,0.007201915176470588,0.2976622030588235,0.6783954057058823,3928.0,5144.0
0.9648431972975421,0.1419961703076923,0.3252270283076924,0.6878097445384616,3928.0,5144.0
0.8044913151645825,0.0007747829090909091,0.20640557300000004,0.34157844945454546,3928.0,5144.0
0.967183301889608,0.2668507936923077,0.1490209036923077,0.21098015607692305,3928.0,5144.0
0.7664998212310019,0.06642308426315789,0.2524703284210526,0.7500800616842106,3928.0,5144.0
0.7431994210312659,0.0,0.41378170574999995,0.7706597004166665,3928.0,5144.0
0.7576289596261232,0.0637621682,0.1944192783,0.5465722304,3928.0,5144.0
0.7806574812691496,0.013322359105263158,0.3895885205789474,0.784209840631579,3928.0,5144.0
0.916071156216648,0.266411918,0.26819537557142853,0.5795359117142856,3928.0,5144.0
0.8181833625540972,0.0005849881875,0.3642646565625,0.8152889856875,3928.0,5144.0
0.9173399135786598,0.1568832113846154,0.6366375124615384,0.9133995966153847,3928.0,5144.0
0.752399730298758,0.008998090083333334,0.5074929330833332,0.846923091,3928.0,5144.0
0.9061466413393053,0.13275405466666668,0.4097474540833333,0.7803790690833333,3928.0,5144.0
0.8281980455955531,0.07154106534615384,0.47649704703846163,0.8485741548076923,3928.0,5144.0
0.8159728537267298,0.016473387045454545,0.6883745765,0.8745762720909092,3928.0,5144.0
0.6548015793801508,0.0041194345000000005,0.6154627303333332,0.85675917475,3928.0,5144.0
0.7337984278164765,0.124644376,0.43009777400000004,0.690906706,3928.0,5144.0
0.6845620319597508,0.003026551470588235,0.3008341545294118,0.6100453921764706,3928.0,5144.0
0.7296599866248074,0.11709151442857142,0.4725150190000001,0.7282490094285714,3928.0,5144.0
0.6831186441397997,0.0,0.4145861769166666,0.5438643148333333,3928.0,5144.0
0.8885409330023464,0.08310029108333333,0.21321714616666668,0.17655943458333334,3928.0,5144.0
0.8368375093642932,0.013287203117647058,0.19159153535294116,0.23382740058823528,3928.0,5144.0
0.9582267729472287,0.45967475828571436,0.06913385471428571,0.18875629842857142,3928.0,5144.0
0.857302488528402,0.013315521294117647,0.14924283452941173,0.19762953982352943,3928.0,5144.0
0.9694030187685406,0.5272423818333334,0.06607177366666667,0.10147003799999998,3928.0,5144.0
0.8649885362567138,0.018385024,0.09271719511111112,0.10010703388888888,3928.0,5144.0
0.9555791687101052,0.1746460276923077,0.029330796999999995,0.03274438,3928.0,5144.0
0.799999671737878,0.000347397,0.048436989699999995,0.0481829639,3928.0,5144.0
0.9518643487115896,0.07635026700000001,0.07649478892857142,0.10852425992857141,3928.0,5144.0
0.7012792484249243,0.011259406818181819,0.102412208,0.19532512118181816,3928.0,5144.0
0.7961653852470751,0.14653978184615385,0.1480366936923077,0.4339246085384615,3928.0,5144.0
0.6803939695262377,0.00044085230000000003,0.1530931104,0.1823640943,3928.0,5144.0
0.7789379944932335,0.20682401625,0.129812832,0.223227176875,3928.0,5144.0
0.7670043162240963,0.006618093470588234,0.15241428699999998,0.22354852829411762,3928.0,5144.0
0.9210131887470305,0.21877578514285714,0.10658260871428572,0.15081545185714287,3928.0,5144.0
0.8478211609039844,0.0,0.1507558367142857,0.23177851057142856,3928.0,5144.0
